event_Link_ID,event_ID,user_ID
1,9,59
2,74,83
3,72,56
4,44,69
5,52,87
6,19,56
7,24,88
8,78,48
9,86,88
10,73,55
11,87,10
12,81,24
13,84,75
14,49,38
15,15,35
16,52,87
17,24,88
18,55,40
19,21,60
20,44,69
21,50,52
22,98,52
23,68,77
24,66,41
25,91,3
26,32,62
27,55,40
28,49,38
29,44,69
30,34,42
31,60,97
32,76,81
33,59,32
34,72,56
35,2,28
36,95,16
37,40,55
38,20,81
39,34,19
40,92,55
41,91,3
42,64,32
43,22,41
44,87,10
45,55,40
46,21,60
47,64,32
48,24,88
49,46,65
50,88,87
51,81,2
52,20,81
53,73,55
54,16,59
55,47,41
56,18,85
57,64,32
58,39,50
59,23,63
60,67,63
61,24,88
62,40,55
63,34,68
64,65,41
65,12,85
66,93,75
67,17,52
68,86,88
69,67,63
70,33,83
71,58,97
72,50,52
73,91,3
74,45,87
75,5,63
76,83,50
77,3,92
78,97,28
79,19,56
80,5,63
81,2,28
82,88,87
83,59,32
84,1,11
85,40,55
86,58,97
87,25,40
88,73,55
89,79,51
90,8,88
91,42,2
92,26,93
93,49,38
94,59,32
95,57,97
96,60,97
97,69,97
98,12,85
99,61,55
100,71,16
101,13,28
102,17,52
103,95,16
104,35,41
105,8,88
106,11,28
107,43,28
108,98,52
109,32,52
110,10,29
111,100,23
112,56,15
113,70,56
114,15,35
115,74,83
116,28,93
117,54,62
118,51,56
119,51,56
120,22,41
121,2,28
122,99,16
123,77,28
124,81,96
125,67,63
126,76,81
127,65,41
128,67,63
129,97,28
130,1,11
131,39,50
132,19,56
133,16,59
134,5,63
135,78,48
136,65,41
137,56,15
138,64,32
139,23,63
140,87,10
141,34,89
142,88,87
143,76,81
144,27,66
145,68,29
146,14,3
147,22,41
148,13,28
149,1,11
150,66,41
151,5,63
152,35,41
153,78,48
154,16,59
155,65,41
156,65,41
157,25,40
158,48,10
159,23,63
160,38,81
161,15,35
162,31,2
163,12,85
164,46,65
165,86,88
166,65,41
167,69,97
168,41,52
169,53,3
170,43,28
171,87,10
172,61,55
173,43,28
174,63,66
175,72,56
176,70,56
177,37,69
178,15,35
179,95,16
180,55,40
181,60,97
182,61,55
183,44,69
184,34,100
185,11,28
186,81,12
187,40,55
188,86,88
189,49,38
190,100,9
191,7,32
192,12,85
193,88,87
194,32,31
195,35,41
196,82,94
197,25,40
198,41,52
199,92,55
200,85,40
